{
  "project_info": {
    "project_number": "300821661920",
    "firebase_url": "https://creatospace-iitd.firebaseio.com",
    "project_id": "creatospace-iitd",
    "storage_bucket": "creatospace-iitd.appspot.com"
  },
  "client": [
    {
      "client_info": {
        "mobilesdk_app_id": "1:300821661920:android:8d8cf582da3933e29f2885",
        "android_client_info": {
          "package_name": "com.example.myapplication"
        }
      },
      "oauth_client": [
        {
          "client_id": "300821661920-t6052tuhcqj1ahmsk8glg1c6pl7nktmn.apps.googleusercontent.com",
          "client_type": 1,
          "android_info": {
            "package_name": "com.example.myapplication",
            "certificate_hash": "e4289fa756410f8f9a5ad5c4877e5bc92a9b005e"
          }
        },
        {
          "client_id": "300821661920-19oc7cnassfm1gsvj7vudfn679scqhbj.apps.googleusercontent.com",
          "client_type": 3
        }
      ],
      "api_key": [
        {
          "current_key": "AIzaSyAs7tvDA0_wBdOy2P4n8hROQWyiEvfhqfQ"
        }
      ],
      "services": {
        "appinvite_service": {
          "other_platform_oauth_client": [
            {
              "client_id": "300821661920-19oc7cnassfm1gsvj7vudfn679scqhbj.apps.googleusercontent.com",
              "client_type": 3
            }
          ]
        }
      }
    }
  ],
  "configuration_version": "1"
}